id,dni,nombre,apellido,matricula,telefono,email,habilitado
1,114044990,Jessie,Olson,marina,(608) 732-1469,jessie.olson@example.com,True
2,562689940,Peter,Ward,geheim,(922) 731-9507,peter.ward@example.com,True
3,488023380,Anne,Carroll,wizard1,(310) 775-3131,anne.carroll@example.com,True
4,514119608,Henry,Moreno,stang,(297) 630-6191,henry.moreno@example.com,True
5,289997006,Tammy,Oliver,fredrick,(319) 398-5763,tammy.oliver@example.com,True
6,004854894,Alicia,Williams,thedon,(952) 844-3351,alicia.williams@example.com,True
7,759203036,Sue,Reynolds,cyborg,(999) 359-2576,sue.reynolds@example.com,True
8,296731957,Claudia,Wells,superfly,(415) 712-5366,claudia.wells@example.com,True
9,396172906,Willard,Crawford,mallard,(680) 963-0726,willard.crawford@example.com,True
10,189212540,Adrian,Carter,eileen,(255) 484-8515,adrian.carter@example.com,True
11,231312312,Agustin,apellidoSAS,nose,24124215,sasdsad,False
